"","col1","col2"
"1","Rgs1","1700001G11Rik"
"2","Cd34","1700008O03Rik"
"3","Cd69","1700011C11Rik"
"4","Angpt1","1700096J18Rik"
"5","Mdn1","1700110K17Rik"
"6","Ctla2a","2210418O10Rik"
"7","Adgrg1","2310001H17Rik"
"8","Fos","2310040G24Rik"
"9","Nop58","2810429I04Rik"
"10","Muc13","3300002I08Rik"
"11","Rpl39","4921504E06Rik"
"12","Hsp90ab1","4930445N18Rik"
"13","Dapp1","4930519L02Rik"
"14","Kit","4931428F04Rik"
"15","Macroh2a1","4933439K11Rik"
"16","Meis1","5430425K12Rik"
"17","Bcl2","5730522E02Rik"
"18","Mef2c","5830416I19Rik"
"19","Cdk6","6330415G19Rik"
"20","Ddx21","6430571L13Rik"
"21","Cd93","6720483E21Rik"
"22","Rpl3-ps1","8430423G03Rik"
"23","Pde4b","A230051N06Rik"
"24","Rpl32","Abca1"
"25","Adgrl4","Abcc1"
"26","Rpl22","Abhd14a"
"27","Fosb","Abhd14b"
"28","Rps14","Ablim2"
"29","Ttc3","Acot7"
"30","Ivns1abp","Acpp"
"31","Syncrip","Actr2"
"32","Kcnq1ot1","Acvr2b"
"33","Rps13-ps1","Adam3"
"34","Ktn1","Adam9"
"35","Rpl17-ps8","Adamts3"
"36","Rpl12","Adamts7"
"37","Cnot6l","Adcy7"
"38","Cd27","Add3"
"39","Flt3","Adgre5"
"40","Rsl1d1","Adgrg3"
"41","Sinhcaf","Adgrl2"
"42","Mybbp1a","Adgrl4"
"43","Set","Agap2"
"44","Msh2","Agpat3"
"45","Gm13456","AI429214"
"46","Slc22a3","AI839979"
"47","Rpl13","AI847159"
"48","Abca2","Aim2"
"49","Apex1","Akain1"
"50","Hspa9","Akna"
"51","Thumpd1","Akr1c13"
"52","Rpl7a","Alcam"
"53","Slc38a1","Aldh1b1"
"54","Jun","Alox5ap"
"55","Cct2","Angpt1"
"56","Psmb8","Antkmt"
"57","Npm1","Aopep"
"58","Fabp5","Araf"
"59","Mga","Arap1"
"60","Aff3","Arap3"
"61","Fasn","Arfgap1"
"62","Rps7","Arhgap10"
"63","Ccnd2","Arhgap17"
"64","Phgdh","Arhgap24"
"65","Ikzf2","Arhgap28"
"66","Parp1","Arhgap29"
"67","Dusp2","Arhgap30"
"68","Dntt","Arhgap45"
"69","Rps3a1","Arhgdib"
"70","Pogk","Arhgef17"
"71","Rps20","Arhgef18"
"72","Zfp706","Arhgef4"
"73","Sox4","Arhgef9"
"74","Rpl4","Arid3a"
"75","Eif3e","Arid4b"
"76","Timm23","Arl11"
"77","Serpinf1","Armc3"
"78","Hsp90aa1","Arrdc4"
"79","Wdr43","Asb7"
"80","BC035044","Atp10a"
"81","Gm9531","Atp1a3"
"82","Scd2","Atp1b1"
"83","Rpl36a","Atp2a3"
"84","Gm15459","Atp7a"
"85","Rps21","Atp8b2"
"86","Coro2a","Atxn2"
"87","Stmn1","AU019990"
"88","Zeb2","AY512915"
"89","Cnbp","Azin1"
"90","Hspe1","B4galt4"
"91","2410002F23Rik","Bach2"
"92","Adgrl2","Baiap3"
"93","Eef1a1","Bank1"
"94","Rps15","Baz1a"
"95","Gtpbp4","BC028528"
"96","Zfp36l2","Bcr"
"97","Rps28","Bhlhb9"
"98","Ppat","Bicra"
"99","Tcp1","Bin1"
"100","Etv6","Bnc2"
"101","Rpsa","Boll"
"102","Eprs","Brsk2"
"103","Armcx4","Btbd11"
"104","Gm2000","Btbd19"
"105","Cdk4","Btn2a2"
"106","Gm15500","C030034L19Rik"
"107","Cct3","C1galt1"
"108","Rpl27-ps3","Cabcoco1"
"109","Rpl38","Cacng3"
"110","Zfp704","Calm4"
"111","Ftsj3","Calm5"
"112","Naca","Camkk1"
"113","Atm","Camta1"
"114","Spns2","Capg"
"115","Dhx33","Cass4"
"116","Sdad1","Castor2"
"117","Msi2","Cbfa2t3"
"118","Gvin-ps6","Cbfb"
"119","Gm4204","Ccar2"
"120","AI504432","Ccdc102a"
"121","Ncl","Ccdc148"
"122","Gnl3","Ccdc150"
"123","Rpl26","Ccdc180"
"124","Xrcc6","Ccdc30"
"125","Bbx","Ccdc50"
"126","Ipo7","Ccdc69"
"127","Hook1","Ccdc8"
"128","Zfp326","Ccdc89"
"129","Utp14b","Ccdc91"
"130","Tsr1","Ccdc93"
"131","Paics","Ccl2"
"132","Erg","Ccnd2"
"133","Rpl9-ps6","Cd226"
"134","Rfx7","Cd276"
"135","H2-K1","Cd300lf"
"136","Mib1","Cd33"
"137","Snx30","Cd34"
"138","Slc25a4","Cd3d"
"139","Dnttip2","Cd53"
"140","Cad","Cd69"
"141","Abcb1b","Cdk14"
"142","Heatr1","Celf2"
"143","Celf2","Celsr2"
"144","Ankrd10","Cenpu"
"145","Eml4","Cep250"
"146","G3bp1","Cep55"
"147","Tasor2","Cers4"
"148","Gm4617","Cers6"
"149","Rpl27a","Cfap45"
"150","Ahcy","Cfap53"
"151","Ddx18","Cfap97d1"
"152","Ide","Chaserr"
"153","Fut8","Chl1"
"154","Polr1a","Chml"
"155","Abl2","Chrnb2"
"156","Hnrnpab","Chst15"
"157","Pa2g4","Chsy3"
"158","Cacybp","Clec12a"
"159","Trmt10c","Clec4a1"
"160","Rps10","Clec4a2"
"161","Rpl35","Clic1"
"162","Ddx10","Clstn3"
"163","Sipa1l1","Cmtm7"
"164","Prkacb","Cnrip1"
"165","Atic","Coasy"
"166","Umps","Col15a1"
"167","Pbx1","Cpeb2"
"168","Rpl37","Cped1"
"169","Nol8","Cst7"
"170","Rasa4","Ctbp2"
"171","Egr1","Ctla2a"
"172","Cand1","Ctla2b"
"173","Hspa8","Ctsc"
"174","F2r","Ctsh"
"175","Rpl14-ps1","Ctsz"
"176","Nedd4","Ctxn2"
"177","Sptbn1","Cuedc1"
"178","Nsa2","Cuedc2"
"179","St8sia6","Cx3cr1"
"180","Impdh2","Cyp2j9"
"181","R3hcc1","Cyth4"
"182","Hlf","D130040H23Rik"
"183","Rpl21","D16Ertd472e"
"184","Eef1g","Dach2"
"185","Arhgap32","Dapk1"
"186","St13","Dbp"
"187","Myb","Ddit4l"
"188","Itga6","Def6"
"189","Nolc1","Dennd1c"
"190","Gimap6","Dgkg"
"191","Miga1","Dgkz"
"192","Armc10","Dglucy"
"193","Myc","Dlec1"
"194","Gart","Dmpk"
"195","Nudc","Dmwd"
"196","Oxct1","Dnaaf5"
"197","H2-Q6","Dnah6"
"198","Mtap","Dnai3"
"199","Pcm1","Dnmt3a"
"200","Eya1","Dock10"
"201","Utp6","Dock11"
"202","Gm37534","Dock2"
"203","Trap1","Dock8"
"204","Rps17","Dok2"
"205","Rrp15","Dpep2"
"206","Pecam1","Dst"
"207","Kpna3","Dusp16"
"208","Srsf7","Dusp2"
"209","Galnt6","Dusp6"
"210","Cct6a","Edem1"
"211","Idh2","Edn1"
"212","Hells","Eef2k"
"213","Eif4a-ps4","Egln2"
"214","Obi1","Egln3"
"215","Rpl18","Egr2"
"216","Mtdh","Egr3"
"217","Akap9","Elmo1"
"218","Ddx3x","Elovl7"
"219","Hmgn1","Emb"
"220","Polr2h","Emilin2"
"221","Nopchap1","Eml6"
"222","Slc25a5","Emp3"
"223","Adh5","Enc1"
"224","Psat1","Epb41"
"225","Wdr6","Epha5"
"226","Rps19","Ephb6"
"227","Nup205","Epop"
"228","Bcl11a","Ero1b"
"229","Zfp260","Etfb"
"230","Hoxa9","Etv1"
"231","Rps4x","Etv4"
"232","Rack1","Eya1"
"233","Kctd1","F2rl3"
"234","Igfbp4","F630028O10Rik"
"235","Wdfy4","Fam110a"
"236","Spn","Fam131a"
"237","Mthfd1","Fam13a"
"238","Ndrg1","Fam214a"
"239","Xrcc5","Fam43a"
"240","Qser1","Fam53c"
"241","Erap1","Fbxo17"
"242","Gm15387","Fbxo31"
"243","Lrrc58","Fbxo40"
"244","Tsr2","Fes"
"245","Caprin1","Fggy"
"246","Rps25","Fhip1b"
"247","Rab37","Fhit"
"248","Cct4","Fkbp1a"
"249","Taf1d","Flrt3"
"250","Gspt1","Flt3"
"251","Abcc1","Flvcr1"
"252","Slfn9","Fmn1"
"253","Sestd1","Fmnl3"
"254","Myct1","Fndc11"
"255","Rcc2","Fndc3b"
"256","Tek","Foxn3"
"257","Slc39a10","Foxp4"
"258","Dnmt3a","Foxred2"
"259","Ptma","Frrs1"
"260","Rpl11","Fsip1"
"261","Ptprs","Furin"
"262","Uck2","Fut10"
"263","Pno1","Fut7"
"264","Gtf2i","Fxyd5"
"265","Rbbp7","Fzd1"
"266","Gata2","Galnt3"
"267","Septin6","Gck"
"268","Noc3l","Gclc"
"269","Arid1b","Gda"
"270","Eif4a1","Gemin7"
"271","Rpl28","Ggta1"
"272","Hdac2","Ghr"
"273","Rpf2","Glb1l2"
"274","Fzd7","Glipr1"
"275","H3c6","Gm10033"
"276","Zfp106","Gm11729"
"277","Rps13","Gm11992"
"278","Ptpn4","Gm12216"
"279","Tnik","Gm12454"
"280","Nop14","Gm14296"
"281","Zhx1","Gm14403"
"282","Pes1","Gm15471"
"283","Tufm","Gm15663"
"284","Zfp422","Gm15708"
"285","Gm11847","Gm15931"
"286","Pdcd11","Gm16677"
"287","Satb1","Gm19619"
"288","Ramp1","Gm19774"
"289","Ppan","Gm20661"
"290","Gimap1","Gm20715"
"291","Map7","Gm2109"
"292","Xrn2","Gm27174"
"293","Sae1","Gm31520"
"294","Esf1","Gm35986"
"295","Atr","Gm36738"
"296","Rpl23","Gm37240"
"297","Mdga1","Gm38397"
"298","Gemin5","Gm38414"
"299","Csrp1","Gm45717"
"300","Gnl2","Gm50096"
"301","Fkbp4","Gm5122"
"302","Rpl7","Gm5468"
"303","Tbc1d5","Gm5535"
"304","D16Ertd472e","Gm6710"
"305","Hnrnpa1","Gmfg"
"306","Rad50","Gmppa"
"307","Ppid","Gnas"
"308","Brwd1","Gnaz"
"309","Tcof1","Gns"
"310","Ptprcap","Gpatch2"
"311","Psme2b","Gpr132"
"312","Rpl24","Gpr65"
"313","Lrrcc1","Gprasp1"
"314","Rpl10-ps3","Gprc5a"
"315","Shmt2","Gpt2"
"316","Strbp","Gramd1a"
"317","Adgrl1","Gramd1b"
"318","Tcf4","Grb2"
"319","Wdr12","Gstm1"
"320","Bzw2","Gtf2ird2"
"321","Pum3","Gucy1b1"
"322","Zfp599","H2-Q5"
"323","Eif1a","H2aj"
"324","Cavin2","H2az1"
"325","Eif1ax","H6pd"
"326","Mycbp2","Haao"
"327","Dctd","Havcr2"
"328","Serbp1","Hcls1"
"329","Nop56","Hdac5"
"330","Gng12","Heatr1"
"331","Rpl3","Hgf"
"332","Nop2","Hgh1"
"333","Ltv1","Hhat"
"334","Timm9","Hhex"
"335","Tnfaip3","Hip1"
"336","Zfp24","Hmgn3"
"337","Ppp2r1a","Hmox1"
"338","Shmt1","Hnrnpf"
"339","Ccdc137","Homer3"
"340","Slc5a3","Hopx"
"341","Rps2","Hoxa9"
"342","1110004F10Rik","Hs3st1"
"343","Dkc1","Hs3st3b1"
"344","Cebpz","Huwe1"
"345","Rpl14","I830077J02Rik"
"346","Abce1","Id2"
"347","Prpf8","Ifi47"
"348","Rpl9","Ifngr2"
"349","Suclg2","Ifrd1"
"350","Elovl6","Igsf9"
"351","Runx2","Igsf9b"
"352","Gm15772","Il12a"
"353","Phb2","Il16"
"354","Eif4b","Il17ra"
"355","Gpr171","Il21r"
"356","Eif3g","Il3ra"
"357","Qdpr","Ilk"
"358","Fbl","Impa2"
"359","Serpina3g","Impdh1"
"360","Larp4","Inhba"
"361","Bicd1","Inpp1"
"362","Tgtp1","Inpp4b"
"363","Heg1","Inpp5d"
"364","Naa25","Iqgap2"
"365","Prrg4","Iqsec1"
"366","Nsun2","Irf2bpl"
"367","Kmo","Irf4"
"368","Itih5","Irf6"
"369","Nxpe3","Itgav"
"370","Tap2","Itgb2"
"371","Dock11","Itpkb"
"372","Gnptab","Itpr2"
"373","Maml3","Jag1"
"374","Acsl3","Junb"
"375","Plac8","Jup"
"376","Rpl36","Kcnab2"
"377","Rab38","Kcnj10"
"378","Il6st","Kcnn3"
"379","Ybx1","Kcnq5"
"380","Panx1","Kctd12"
"381","Wdr75","Kit"
"382","Tmed5","Klf13"
"383","Plppr3","Klf6"
"384","Bmi1","Klf8"
"385","Ttc27","Ky"
"386","Cibar1","Kyat3"
"387","Blmh","Lama1"
"388","Cdca7","Laptm5"
"389","Gm14681","Large1"
"390","Hspa1b","Lat"
"391","Abi2","Lat2"
"392","Topors","Layn"
"393","Senp6","Lbh"
"394","Slc18a2","Lca5"
"395","Lrp6","Lhfpl2"
"396","Ccdc181","Lig1"
"397","Ranbp1","Lilrb4a"
"398","Gm14586","Limk1"
"399","Surf6","Lix1l"
"400","Polr2e","Lmo4"
"401","Cbx2","Lrig1"
"402","Knop1","Lrp12"
"403","Zfp292","Lrrc66"
"404","Wdr36","Lrrfip1"
"405","Cfap298","Lrrk2"
"406","Cluh","Lss"
"407","Rps11","Ltbp3"
"408","Ptk7","Ly75"
"409","Egfl7","Lyplal1"
"410","Hspd1","Macf1"
"411","Ilf2","Macrod1"
"412","Eef2","Mad1l1"
"413","Ptges3-ps","Maf"
"414","Hirip3","Magi2"
"415","Gmps","Mamstr"
"416","Nap1l1","Maoa"
"417","Slco3a1","Map3k1"
"418","Dock7","Map3k4"
"419","Dnaja1","Map9"
"420","Agpat5","Mapk8ip2"
"421","Med12l","Mapkapk3"
"422","Rtcb","Mast3"
"423","Cct8","Mboat1"
"424","Pard3b","Mcm5"
"425","Usp16","Mcm7"
"426","Mif","Mctp1"
"427","Timm8a1","Mctp2"
"428","Dnmt3b","Mdga1"
"429","Zyg11b","Mecr"
"430","Fkbp3","Meis1"
"431","Hsd17b12","Mfap3l"
"432","Lzts2","Mfge8"
"433","Atad3a","Mfng"
"434","Ptger3","Mfsd12"
"435","Rpl15","Mgat4a"
"436","Nmd3","Mgst1"
"437","Akap17b","Mical1"
"438","Fut10","Mical2"
"439","Slc4a7","Midn"
"440","Gm14633","Mill2"
"441","Zfp386","Mindy4"
"442","Plek","Mir23a"
"443","Aldh18a1","Mir33"
"444","Rrp1","Mir7094-1"
"445","Rsrc1","Mir7094-2"
"446","Cfdp1","Mir8120"
"447","Rpl17-ps9","Mirt1"
"448","Vdac1","Mknk1"
"449","Tbl1x","Mmp8"
"450","Tut4","Mob3b"
"451","3110082I17Rik","Mogat1"
"452","Denr","Mpped2"
"453","Zfp266","Mrtfa"
"454","Rps24","Msantd2"
"455","Mrpl12","Msl3l2"
"456","Nucks1","Mta3"
"457","Gm10076","Mtap"
"458","Slc7a6","Mxi1"
"459","Stip1","Myadm"
"460","Zfp282","Mycn"
"461","Rpl31","Myct1"
"462","Gtpbp10","Myo1e"
"463","Nsfl1c","Myo1f"
"464","Ttc37","Myo1g"
"465","C1qbp","Myo1h"
"466","Eef1b2","Mzf1"
"467","Srpk1","Nav2"
"468","Eif2b5","Nbeal2"
"469","Sms","Ncf1"
"470","Polr2b","Ncf2"
"471","Pus7","Ncoa7"
"472","Rps23-ps1","Ncor2"
"473","Hhex","Nedd4l"
"474","Rps27rt","Nedd9"
"475","Uqcrb","Nek5"
"476","Psmg4","Neurod4"
"477","St8sia4","Nfkb1"
"478","Ddx1","Nfkbiz"
"479","Snd1","Niban2"
"480","Stat5a","Nid2"
"481","Gm37818","Nipsnap1"
"482","Hnrnpf","Nkain3"
"483","Tm9sf3","Nkx6-1"
"484","L3mbtl3","Nlrp10"
"485","Rreb1","Nlrp1b"
"486","Setx","Nod1"
"487","Rps5","Nol4"
"488","Bcap29","Nova2"
"489","Iqcb1","Nr2c2ap"
"490","Qtrt2","Nr3c2"
"491","Thap12","Nr4a1"
"492","Zbtb20","Nrgn"
"493","Fzd6","Nrxn1"
"494","Cct5","Nt5dc3"
"495","Ccdc191","Nucb2"
"496","Msh6","Nwd1"
"497","Colgalt1","Oit3"
"498","Mios","Olfml2b"
"499","Tmem254","Olfr1509"
"500","Noc2l","Olfr420"
"501","Zfp280c","Olfr433"
"502","Prdx1","Olfr658"
"503","Tfap4","Orai3"
"504","Rpl13a","Orm3"
"505","C230085N15Rik","Osbpl3"
"506","Rere","Oxr1"
"507","Map4k4","P2rx3"
"508","Uri1","P2rx7"
"509","Glb1","P2ry14"
"510","Polr1f","P3h3"
"511","Utp20","P4hb"
"512","Ass1","Padi2"
"513","Matr3","Palld"
"514","Slc35f2","Patj"
"515","Rplp1","Pax5"
"516","Ago1","Pax6"
"517","Rpl7a-ps11","Pbx1"
"518","Tpm3-rs7","Pcdhgc3"
"519","Rpl6","Pcmtd1"
"520","Poglut2","Pde1c"
"521","Ipo5","Pde4d"
"522","Focad","Pde8a"
"523","Mfge8","Pdgfrb"
"524","Tap1","Pdlim2"
"525","Anp32a","Pf4"
"526","Elp3","Pfkfb3"
"527","2810004N23Rik","Pfkp"
"528","Kcng1","Pgm2"
"529","Mcoln2","Phgdh"
"530","Cep83","Phldb1"
"531","Pebp1","Phlpp1"
"532","Ppa1","Pigz"
"533","Emb","Pimreg"
"534","Atp13a2","Pira12"
"535","Hyou1","Pisd"
"536","Kdsr","Pitx2"
"537","Snrpd1","Pitx3"
"538","Tomm70a","Pkia"
"539","Rai1","Plcb1"
"540","Flnb","Plcl1"
"541","Zfp1","Plec"
"542","Mc5r","Plek"
"543","Cul7","Plekha1"
"544","Trit1","Plekhg5"
"545","Phf6","Plekho2"
"546","Pbdc1","Plppr2"
"547","Dnajc2","Pls3"
"548","Rps12l1","Plscr2"
"549","Cep43","Plvap"
"550","Naa50","Plxnc1"
"551","Nme4","Pmaip1"
"552","Ipo8","Pogz"
"553","Park7","Ppa2"
"554","Ctps","Ppcdc"
"555","Fto","Ppfia1"
"556","Mtmr2","Ppfia3"
"557","Zfp521","Ppif"
"558","Ssb","Ppp1r16b"
"559","Gm36931","Ppp1r3d"
"560","Prkg1","Ppp6r1"
"561","Gadd45gip1","Prelid2"
"562","Bhlhb9","Prg3"
"563","Ttpa","Prkcq"
"564","Ankrd13a","Prrt1"
"565","Nasp","Psd3"
"566","Ap3b1","Psd4"
"567","Ripor1","Psme1"
"568","Tcf12","Pstpip1"
"569","Hnrnpdl","Ptch1"
"570","Elp1","Pter"
"571","Arhgap35","Ptgs2os"
"572","Arhgef2","Ptgs2os2"
"573","Bin1","Ptov1"
"574","Guf1","Ptp4a2"
"575","Adsl","Ptpn6"
"576","Hsph1","Ptprc"
"577","Nomo1","Ptprv"
"578","Zscan26","Pttg1ip"
"579","Arhgap6","Pxn"
"580","Mmrn1","Pxylp1"
"581","Slc30a4","R3hdm2"
"582","Elac2","Rab32"
"583","Rpl29","Rab36"
"584","Hdac3","Rai14"
"585","Gucy1a1","Ralb"
"586","Rpl23a-ps3","Ralgds"
"587","Lrrc59","Ralgps2"
"588","Polr2m","Rapgef2"
"589","Bri3bp","Rapgef3"
"590","Slc35d3","Rapsn"
"591","Cstf2","Rara"
"592","Gria3","Rarg"
"593","Iqgap2","Rasal1"
"594","Hspd1-ps3","Rasgrp3"
"595","4930520O04Rik","Rasl11a"
"596","Cdk19","Rassf2"
"597","Epb41l5","Rassf4"
"598","Scin","Rassf5"
"599","Abracl","Rassf8"
"600","Ywhaq","Rbbp9"
"601","Ptcd3","Rbfa"
"602","Ocrl","Rbp2"
"603","Dars","Rcbtb2"
"604","Sfr1","Rcn3"
"605","Peak1","Rell2"
"606","Imp4","Relt"
"607","Mink1","Rere"
"608","Cycs","Retreg1"
"609","Polr1b","Rffl"
"610","U2surp","Rftn1"
"611","9030619P08Rik","Rgs1"
"612","Rps26","Rgs19"
"613","Acaca","Rhobtb1"
"614","Eif2a","Rin3"
"615","Pank1","Rnd1"
"616","Rps12-ps3","Rnd3"
"617","Nlrc5","Rnf122"
"618","Trib2","Rnf207"
"619","Retreg1","Rnf220"
"620","Invs","Rnpep"
"621","Zfp26","Robo3"
"622","Rps3","Ror1"
"623","Tfpi","Rorb"
"624","Emid1","Rsph9"
"625","Dnajc6","Rtl8a"
"626","Rbm19","Rtl8b"
"627","Dph5","Rufy4"
"628","Snhg16","Rundc3b"
"629","Gvin-ps7","Runx3"
"630","Mettl16","S100a10"
"631","Kif13a","S100a11"
"632","Nifk","S100a4"
"633","Kif16b","S100a6"
"634","Sigmar1","S1pr1"
"635","Nup155","Samd10"
"636","Gtf3a","Samd12"
"637","Dock10","Sash1"
"638","Cbfb","Sbk2"
"639","Kti12","Sbno2"
"640","C030034L19Rik","Scnn1g"
"641","Megf8","Sdc2"
"642","Eif3h","Sema3g"
"643","Mak16","Sema6a"
"644","Accs","Septin6"
"645","Fnbp1","Serpinb1a"
"646","B3galnt2","Serpinf1"
"647","Hspa4","Setmar"
"648","Pus7l","Sh2b1"
"649","Runx3","Sh2d3c"
"650","Rps8","Sh2d5"
"651","Mrps25","Shisa5"
"652","Rpl8","Sigirr"
"653","Nufip1","Sike1"
"654","Sanbr","Sirt3"
"655","Kdm2b","Ski"
"656","Tfam","Sla"
"657","Exosc2","Slain1"
"658","Ywhae","Slamf9"
"659","Mat2a","Slc12a7"
"660","Zfp940","Slc16a7"
"661","Mrpl39","Slc17a9"
"662","Ecpas","Slc22a8"
"663","Cd320","Slc24a3"
"664","Wwc2","Slc25a13"
"665","Pja1","Slc25a4"
"666","2610021A01Rik","Slc28a2"
"667","Etfb","Slc2a1"
"668","Otud6b","Slc2a3"
"669","Tia1","Slc38a10"
"670","Hnrnpk","Slc38a7"
"671","Gm10709","Slc39a10"
"672","Amot","Slc39a11"
"673","Rbm28","Slc39a14"
"674","Zfp52","Slc6a12"
"675","Hmgb3","Slc7a11"
"676","Ppp2r2a","Slco3a1"
"677","Gm10123","Slco4a1"
"678","Eef1e1","Slitrk5"
"679","Zfp783","Smox"
"680","Prpf31","Smyd5"
"681","Rgs18","Snap25"
"682","Dnajc1","Snx10"
"683","Smyd3","Soga3"
"684","Utp14a","Sox17"
"685","Naa15","Sox4"
"686","Ociad2","Sp4"
"687","Srsf6","Spef2"
"688","Ctla2b","Spi1"
"689","Casp8","Spns2"
"690","Nrxn1","Spry2"
"691","Rpap3","Spry4"
"692","Znrf3","Sptbn1"
"693","Gimap9","Sqor"
"694","Eng","Srgap3"
"695","Sirt3","St6gal1"
"696","Slfn10-ps","Stard8"
"697","Poglut3","Stat1"
"698","Ncs1","Stk16"
"699","Aig1","Ston1"
"700","Chdh","Stx3"
"701","Tmem245","Sucnr1"
"702","Ints10","Supt5"
"703","Pdxk","Susd1"
"704","Mcm6","Susd3"
"705","Agk","Syk"
"706","Syde2","Syn3"
"707","Uqcc3","Syne3"
"708","Csgalnact1","Synj2"
"709","Mgat5","Synpo"
"710","Kpnb1","Tacstd2"
"711","Efcc1","Tagln2"
"712","Rcn2","Tbc1d14"
"713","Prps1l3","Tbc1d30"
"714","Dis3","Tbc1d4"
"715","Zik1","Tbl1xr1"
"716","Dipk1b","Tbxas1"
"717","Rhoh","Tcaf1"
"718","Pabpn1","Tcaf2"
"719","Ifitm2","Tcirg1"
"720","Rpap1","Tecr"
"721","Myo18a","Tef"
"722","Ice1","Tes"
"723","Sub1","Tet1"
"724","Smad3","Tfeb"
"725","Rftn1","Tgfb1"
"726","Gm8355","Tgfb3"
"727","Slc25a13","Tgfbr2"
"728","Dnm1l","Tgif1"
"729","Ecd","Thbd"
"730","Aatf","Tiam2"
"731","Rsl1","Timm21"
"732","Coa5","Timp3"
"733","Gm10052","Tjp3"
"734","Rrp12","Tlr4"
"735","Mndal","Tm6sf1"
"736","Igbp1","Tmbim1"
"737","Pla2g4a","Tmem109"
"738","Arl6","Tmem132b"
"739","Rab27b","Tmem141"
"740","Pias2","Tmem154"
"741","Ddx51","Tmem158"
"742","Rbis","Tmem176b"
"743","Fam199x","Tmem185b"
"744","Mogs","Tmem273"
"745","Dhx57","Tmem86a"
"746","Ruvbl1","Tmsb15l"
"747","Zfp664","Tmtc2"
"748","Zc3h7b","Tnfaip8l2"
"749","Cep68","Tnfrsf1a"
"750","Cfap97","Tnfrsf1b"
"751","Zmynd11","Tnfsf14"
"752","Wdr46","Tnik"
"753","Acap1","Togaram2"
"754","Slc27a1","Tpd52l1"
"755","Dnajc9","Tph2"
"756","Rpl17","Traf3ip3"
"757","Bop1","Treml2"
"758","Akr1c13","Trerf1"
"759","B9d2","Trf"
"760","Abcf1","Trim28"
"761","Ptges3","Trim30b"
"762","Golm2","Trim6"
"763","Fam185a","Trim7"
"764","Snapc4","Trio"
"765","Rabl6","Trpc6"
"766","Tet1","Trpm2"
"767","Erp29","Trps1"
"768","Klhl42","Tsc22d1"
"769","Mlec","Tsen34"
"770","Fam171a1","Tshr"
"771","Npepl1","Tspan14"
"772","Acsf2","Tspan5"
"773","Glrx3","Tspyl5"
"774","Fastkd1","Ttc21b"
"775","Thoc6","Ttll9"
"776","Commd9","Tuba8"
"777","Fam136a","Tubb6"
"778","Tgs1","Ube2e1"
"779","Ehmt2","Ube2e2"
"780","H2-DMa","Ube2m"
"781","Glipr1","Unc13a"
"782","D130058E05Rik","Unc13b"
"783","Mcm3","Unc93b1"
"784","Rpl18a","Utrn"
"785","Rxylt1","Vamp8"
"786","Hmgb1","Vav1"
"787","Rrp1b","Vav3"
"788","Impact","Vcan"
"789","Ndrg3","Vim"
"790","Usp22","Vmp1"
"791","Abt1","Vrk1"
"792","Plk2","Wdfy4"
"793","Ak6","Wdr17"
"794","Mapk9","Wipf1"
"795","Dis3l2","Wls"
"796","H3c14","Wwc2"
"797","Sptssa","Zbp1"
"798","Phb","Zbtb10"
"799","Poldip2","Zbtb18"
"800","Ccdc40","Zbtb7a"
"801","Tomm5","Zc3h12b"
"802","Arhgef5","Zdhhc13"
"803","Hspa1a","Zfp1"
"804","Rpl27","Zfp2"
"805","Six5","Zfp202"
"806","Uqcc1","Zfp36"
"807","Znrf1","Zfp385a"
"808","Cdca7l","Zfp418"
"809","Bend4","Zfp420"
"810","Rrn3","Zfp442"
"811","Zfp608","Zfp455"
"812","Bms1","Zfp493"
"813","Bpifc","Zfp521"
"814","Fam3c","Zfp526"
"815","Jakmip1","Zfp551"
"816","Ablim1","Zfp558"
"817","Mast4","Zfp608"
"818","Zfp850","Zfp658"
"819","Rcn1","Zfp773"
"820","Setd6","Zfp810"
"821","Cdkal1","Zfp873"
"822","Urb1","Zfp931"
"823","Maea","Zfp937"
"824","Cdc37","Zfp938"
"825","Stxbp1","Zhx3"
"826","Nfatc1","Znrd2"
"827","Zzz3","Znrf1"
"828","Crim1","Zscan18"
"829","Bckdha","Zyx"
"830","Pop1",NA
"831","4930447C04Rik",NA
"832","Plod2",NA
"833","Dicer1",NA
"834","Pds5b",NA
"835","Eftud2",NA
"836","Trim68",NA
"837","Itpr1",NA
"838","Zfp12",NA
"839","Ruvbl2",NA
"840","Dgkz",NA
"841","Txlna",NA
"842","Phf14",NA
"843","Trmt6",NA
"844","Prps1",NA
"845","Pop4",NA
"846","Zfp90",NA
"847","Gpatch4",NA
"848","Ran",NA
"849","Rnps1",NA
"850","Morf4l2",NA
"851","Snrnp48",NA
"852","Hmga2",NA
"853","Zfp973",NA
"854","Ccdc171",NA
"855","Cnp",NA
"856","Plcb4",NA
"857","Dnajc27",NA
"858","Gm38077",NA
"859","Ints2",NA
"860","Robo3",NA
"861","Tars2",NA
"862","Ralgps2",NA
"863","Prmt7",NA
"864","Rttn",NA
"865","Bex6",NA
"866","Ilf3",NA
"867","Wdr5",NA
"868","Tpi1",NA
"869","Smo",NA
"870","Spred1",NA
"871","Mettl14",NA
"872","Rpsa-ps10",NA
"873","Rpl19",NA
"874","Sell",NA
"875","Radx",NA
"876","Cyp2j6",NA
"877","Por",NA
"878","Tma16",NA
"879","Acsl5",NA
"880","Mphosph10",NA
"881","Mmachc",NA
"882","Fnbp1l",NA
"883","Pigh",NA
"884","Eif4a2",NA
"885","Gspt2",NA
"886","Mdh1",NA
"887","Gm7901",NA
"888","Rlim",NA
"889","Zmym4",NA
"890","Grb10",NA
"891","Tsnax",NA
"892","Gcsh",NA
"893","Mta2",NA
"894","Mprip",NA
"895","Gnb1",NA
"896","Tmem98",NA
"897","Spata5",NA
"898","Ppp1r8",NA
"899","Eif2ak4",NA
"900","Mettl1",NA
"901","Slc25a3",NA
"902","Car12",NA
"903","Eif3d",NA
"904","Rpusd2",NA
"905","Rdx",NA
"906","Rsl24d1",NA
"907","Nono",NA
"908","Adgrg7",NA
"909","Cops3",NA
"910","Aamdc",NA
"911","Tespa1",NA
"912","Wdr3",NA
"913","Rpl34-ps1",NA
"914","Pgrmc1",NA
"915","Atrx",NA
"916","Rnf2",NA
"917","Dpy19l3",NA
"918","Parn",NA
"919","Usp11",NA
"920","Gpam",NA
"921","Rbm34",NA
"922","Ppp1r9a",NA
"923","Thumpd3",NA
"924","Sec31a",NA
"925","Man2a2",NA
"926","Farsa",NA
"927","Pdha1",NA
"928","Phf20",NA
"929","Susd1",NA
"930","Slc25a33",NA
"931","Smim10l1",NA
"932","Tsfm",NA
"933","Zfp708",NA
"934","Amer1",NA
"935","Fam228b",NA
"936","Nln",NA
"937","Rpl10a",NA
"938","Gcnt2",NA
"939","Plcxd2",NA
"940","Lap3",NA
"941","Hectd2",NA
"942","Fyttd1",NA
"943","Rnf138",NA
"944","N4bp3",NA
"945","Elapor2",NA
"946","Rps18",NA
"947","Nubpl",NA
"948","Rpl17-ps10",NA
"949","Ccdc166",NA
"950","Zmiz1",NA
"951","Dpp4",NA
"952","Clpp",NA
"953","Trim35",NA
"954","Zbtb33",NA
"955","Dtd1",NA
"956","1110051M20Rik",NA
"957","Elmo1",NA
"958","Zfp968",NA
"959","Dcps",NA
"960","Adss",NA
"961","Abcf2",NA
"962","Tsc22d1",NA
"963","Zfp84",NA
"964","Bambi",NA
"965","Smarcad1",NA
"966","Lgals3bp",NA
"967","Thg1l",NA
"968","Psmd7",NA
"969","Suclg1",NA
"970","Larp1",NA
"971","Gm27029",NA
"972","Krr1",NA
"973","Zfp263",NA
"974","Snhg3",NA
"975","Nop53",NA
"976","Gaa",NA
"977","Rbpj-ps3",NA
"978","Nfkb1",NA
"979","Pcdhgb5",NA
"980","Gprc5b",NA
"981","Prdm5",NA
"982","Dennd4c",NA
"983","Rrs1",NA
"984","Exoc4",NA
"985","Prkcq",NA
"986","Efr3a",NA
"987","P3h3",NA
"988","Zfp451",NA
"989","Mta1",NA
"990","Clstn3",NA
"991","Mtif2",NA
"992","Ubr5",NA
"993","Kyat3",NA
"994","Mdfi",NA
"995","Pycr1",NA
"996","Fpgs",NA
"997","Atad1",NA
"998","Prdx6",NA
"999","Mllt11",NA
"1000","Taf4b",NA
"1001","Zbtb38",NA
"1002","Ppia",NA
"1003","Zfp286",NA
"1004","Pafah1b3",NA
"1005","Alg10b",NA
"1006","Ldha",NA
"1007","Btf3",NA
"1008","Rsad1",NA
"1009","Ppm1f",NA
"1010","Yrdc",NA
"1011","Ube2e1",NA
"1012","Ccdc122",NA
"1013","Txnrd1",NA
"1014","Xpc",NA
"1015","Eif3b",NA
"1016","Pdp2",NA
"1017","Pdk1",NA
"1018","B3gnt5",NA
"1019","Vps13a",NA
"1020","Smyd2",NA
"1021","Tbl1xr1",NA
"1022","H2-Q7",NA
"1023","Kansl2",NA
"1024","Idh3a",NA
"1025","Deptor",NA
"1026","Naa10",NA
"1027","Itpr3",NA
"1028","Gtf3c4",NA
"1029","Ptgs2",NA
"1030","Gatd3a",NA
"1031","Pdcd5-ps",NA
"1032","Fchsd2",NA
"1033","Sacs",NA
"1034","Ltbp3",NA
"1035","Zfp318",NA
"1036","Armcx3",NA
"1037","Smg1",NA
"1038","Gmds",NA
"1039","Ddx54",NA
"1040","Rbmxl1",NA
"1041","Utp3",NA
"1042","Fermt3",NA
"1043","Dnaja3",NA
"1044","Sap18b",NA
"1045","Arhgap28",NA
"1046","Dynlt3",NA
"1047","Fam98c",NA
"1048","Aebp2",NA
"1049","Zfp512b",NA
"1050","Hnrnph1",NA
"1051","Vdac3",NA
"1052","Rpl19-ps11",NA
"1053","Ss18",NA
"1054","Gm15446",NA
"1055","Mrrf",NA
"1056","Gna14",NA
"1057","Cyp2j9",NA
"1058","Ap1m1",NA
"1059","Phax",NA
"1060","Kansl1l",NA
"1061","Rfc2",NA
"1062","Plekha5",NA
"1063","Ncbp2",NA
"1064","Eef1aknmt",NA
"1065","Khdrbs1",NA
"1066","As3mt",NA
"1067","Ubfd1",NA
"1068","Parp8",NA
"1069","Gprasp1",NA
"1070","Ssrp1",NA
"1071","Dhodh",NA
"1072","Gm37663",NA
"1073","Urb2",NA
"1074","Uaca",NA
"1075","Nim1k",NA
"1076","Rpl34",NA
"1077","Ppp1r7",NA
"1078","Dnah12",NA
"1079","Gpc3",NA
"1080","Zfp715",NA
"1081","Synpo2",NA
"1082","Khk",NA
"1083","Zfp551",NA
"1084","Ccdc58",NA
"1085","Dhx37",NA
"1086","Dach1",NA
"1087","Gm10384",NA
"1088","Twnk",NA
"1089","Il31ra",NA
"1090","Rps15a",NA
"1091","Cluap1",NA
"1092","Trak1",NA
"1093","Vps41",NA
"1094","Tgif1",NA
"1095","Slc25a15",NA
"1096","Mtx1",NA
"1097","Slc39a6",NA
"1098","Strap",NA
"1099","Rtraf",NA
"1100","Ephb2",NA
"1101","Nab1",NA
"1102","Smarcc1",NA
"1103","Ccl3",NA
"1104","Rai14",NA
"1105","Tmem176b",NA
"1106","Mipol1",NA
"1107","Mex3b",NA
"1108","Rad23b",NA
"1109","Asrgl1",NA
"1110","Stat5b",NA
"1111","Mib2",NA
"1112","Dach2",NA
"1113","Tmem14a",NA
"1114","Snrpa1",NA
"1115","Slc12a2",NA
"1116","Gm37569",NA
"1117","Prmt6",NA
"1118","Tbc1d32",NA
"1119","Pex13",NA
"1120","Cmc1",NA
"1121","Kcnc1",NA
"1122","Gpsm1",NA
"1123","Zcchc2",NA
"1124","Nol11",NA
"1125","Smad5",NA
"1126","Luzp1",NA
"1127","Ptbp2",NA
"1128","Cers4",NA
"1129","Hibch",NA
"1130","Mex3c",NA
"1131","Aldh1l1",NA
"1132","Sypl",NA
"1133","Parp6",NA
"1134","Ak2",NA
"1135","Snw1",NA
"1136","Dhcr24",NA
"1137","Pdia6",NA
"1138","Prmt3",NA
"1139","Usp24",NA
"1140","Zfp111",NA
"1141","Rpp14",NA
"1142","Commd1b",NA
"1143","Prkcsh",NA
"1144","Galk1",NA
"1145","Scap",NA
"1146","Emg1",NA
"1147","Rps27a",NA
"1148","Snapc2",NA
"1149","Tmprss3",NA
"1150","Zfp786",NA
"1151","Clnk",NA
"1152","Zfp428",NA
"1153","Anapc1",NA
"1154","Ppif",NA
"1155","Ctr9",NA
"1156","Xlr3b",NA
"1157","Mapk6",NA
"1158","Clns1a",NA
"1159","Appl2",NA
"1160","Scamp3",NA
"1161","Marcksl1",NA
"1162","Ssbp1",NA
"1163","Pdia4",NA
"1164","Gne",NA
"1165","Dusp1",NA
"1166","Wdpcp",NA
"1167","Prmt5",NA
"1168","Nol7",NA
"1169","Armcx1",NA
"1170","Rad9b",NA
"1171","Tceal9",NA
"1172","Synj2",NA
"1173","8430419K02Rik",NA
"1174","Rpl36al",NA
"1175","Ercc4",NA
"1176","Junb",NA
"1177","Eif2s3x",NA
"1178","Gpatch2",NA
"1179","Zfp827",NA
"1180","Bcr",NA
"1181","Cog5",NA
"1182","2410006H16Rik",NA
"1183","Kcna3",NA
"1184","Sf3a3",NA
"1185","5730480H06Rik",NA
"1186","Rcor2",NA
"1187","5430416N02Rik",NA
"1188","Pole3",NA
"1189","Zfp770",NA
"1190","Bex1",NA
"1191","Irf8",NA
"1192","Ccdc86",NA
"1193","Rps6-ps4",NA
"1194","Psmc1",NA
"1195","Lrfn4",NA
"1196","Gtf2f2",NA
"1197","Tcf25",NA
"1198","Cngb1",NA
"1199","Gid4",NA
"1200","Gm26930",NA
"1201","Gm21092",NA
"1202","Emc6",NA
"1203","Rps3a3",NA
"1204","Gm38021",NA
"1205","Il27ra",NA
"1206","Mex3a",NA
"1207","Zfp462",NA
"1208","Top1mt",NA
"1209","Nf1",NA
"1210","Dlg3",NA
"1211","Spindoc",NA
"1212","Shroom4",NA
"1213","Mrps27",NA
"1214","9130008F23Rik",NA
"1215","1700025G04Rik",NA
"1216","Adi1",NA
"1217","P2ry2",NA
"1218","Gm10275",NA
"1219","Gm9843",NA
"1220","Gm37531",NA
"1221","Fkbp1a",NA
"1222","Grcc10",NA
"1223","Bmpr2",NA
"1224","Ctnnal1",NA
"1225","Prickle1",NA
"1226","Atp5a1",NA
"1227","Pkd2",NA
"1228","Gsta4",NA
"1229","Galnt7",NA
"1230","Plaa",NA
"1231","Gm6311",NA
"1232","Chmp2b",NA
"1233","Gm13736",NA
"1234","Tomm20",NA
"1235","Pals2",NA
"1236","Rpusd4",NA
"1237","Vdac2",NA
"1238","Ttc21b",NA
"1239","Htatsf1",NA
"1240","Zfp148",NA
"1241","Elovl7",NA
"1242","Nedd4l",NA
"1243","Il11ra1",NA
"1244","Car1",NA
"1245","Elk3",NA
"1246","Serf1",NA
"1247","Stt3a",NA
"1248","Gm6483",NA
"1249","Tmed9",NA
"1250","Gm21596",NA
"1251","Lsm3",NA
"1252","Pdp1",NA
"1253","Vma21",NA
"1254","Larp7",NA
"1255","Gnb4",NA
"1256","Rhot1",NA
"1257","Gm6457",NA
"1258","Zfp65",NA
"1259","Gm37606",NA
"1260","Champ1",NA
"1261","Srgap3",NA
"1262","Gm13012",NA
"1263","Mrpl3",NA
"1264","Naa12",NA
"1265","Rmdn2",NA
"1266","Nat10",NA
"1267","Lrrk1",NA
"1268","Pus3",NA
"1269","Snx10",NA
"1270","Chchd3",NA
"1271","Ccdc68",NA
"1272","Tcea2",NA
"1273","Lrfn1",NA
"1274","Rbm17",NA
"1275","Rpl23a",NA
"1276","Ahcyl1",NA
"1277","Fgd2",NA
"1278","Gm9797",NA
"1279","Mrm3",NA
"1280","Rrbp1",NA
"1281","Dnal1",NA
"1282","Pomp",NA
"1283","Zfp68",NA
"1284","Ypel1",NA
"1285","Ube2n",NA
"1286","Slc30a5",NA
"1287","Ehmt1",NA
"1288","Exosc3",NA
"1289","Zscan18",NA
"1290","6820431F20Rik",NA
"1291","Etf1",NA
"1292","Osgep",NA
"1293","Elp2",NA
"1294","Ptpre",NA
"1295","Zfp553",NA
"1296","Abhd17b",NA
"1297","Nmral1",NA
"1298","Pdia3",NA
"1299","Tmem123",NA
"1300","Gbx2",NA
"1301","Bzw1",NA
"1302","Gm37205",NA
"1303","C920009B18Rik",NA
"1304","Gm10138",NA
"1305","Hmga1",NA
"1306","Thada",NA
"1307","Polr3g",NA
"1308","AU020206",NA
"1309","Maoa",NA
"1310","Dcp2",NA
"1311","Appbp2",NA
"1312","Gm12254",NA
"1313","Xlr4b",NA
"1314","Ppip5k2",NA
"1315","Prkar1a",NA
"1316","Gpalpp1",NA
"1317","Nsd1",NA
"1318","Ash2l",NA
"1319","Fndc3a",NA
"1320","Mtx3",NA
"1321","Gmfg",NA
"1322","Kars",NA
"1323","Gng10",NA
"1324","Lrrfip1",NA
"1325","Dazap1",NA
"1326","Ngdn",NA
"1327","Bmyc",NA
"1328","Mthfd1l",NA
"1329","Tiparp",NA
"1330","Dip2b",NA
"1331","Fundc1",NA
"1332","Psmb10",NA
"1333","Zfp113",NA
"1334","Mgat2",NA
"1335","Parm1",NA
"1336","2510046G10Rik",NA
"1337","Setd7",NA
"1338","Ano8",NA
"1339","Bora",NA
"1340","Rhobtb3",NA
"1341","Chek1",NA
"1342","Zfp36",NA
"1343","Adora2a",NA
"1344","Pcgf6",NA
"1345","Mbtps2",NA
"1346","Tspyl2",NA
"1347","Wdr82",NA
"1348","Rpl10a-ps1",NA
"1349","Ywhaz",NA
"1350","Nhp2",NA
"1351","Gm4724",NA
"1352","Sccpdh",NA
"1353","Letmd1",NA
"1354","Rasal3",NA
"1355","Pycard",NA
"1356","Car13",NA
"1357","Vipr2",NA
"1358","Ttc8",NA
"1359","Zfp81",NA
"1360","Zfp275",NA
"1361","Ccdc112",NA
"1362","Cops7a",NA
"1363","Gm2026",NA
"1364","Il12a",NA
"1365","Tle6",NA
"1366","Ldb1",NA
"1367","Zfp268",NA
"1368","Cyb5b",NA
"1369","AI854703",NA
"1370","Sik3",NA
"1371","Gm6136",NA
"1372","Timm44",NA
"1373","Cep97",NA
"1374","U2af2",NA
"1375","Znf41-ps",NA
"1376","Pdap1",NA
"1377","Abhd14b",NA
"1378","Nme1",NA
"1379","Bex3",NA
"1380","Eif4e",NA
"1381","Tmod3",NA
"1382","Cep57l1",NA
"1383","Sf3b3",NA
"1384","2310039H08Rik",NA
"1385","Pds5a",NA
"1386","Ncoa3",NA
"1387","Phtf1",NA
"1388","Casp1",NA
"1389","Atp10a",NA
"1390","Ndufs7",NA
"1391","Rel",NA
"1392","Dsel",NA
"1393","Clip1",NA
"1394","Ptpn18",NA
"1395","Prss50",NA
"1396","Gm10163",NA
"1397","Gkap1",NA
"1398","Klhl4",NA
"1399","Bend3",NA
"1400","Rif1",NA
"1401","Cse1l",NA
"1402","Tbl3",NA
"1403","Hdgf",NA
"1404","Spag4",NA
"1405","Shfl",NA
"1406","Eif4a3",NA
"1407","Arhgef18",NA
"1408","Rps2-ps6",NA
"1409","Hadh",NA
"1410","Rrp9",NA
"1411","Mfsd3",NA
"1412","Prr5",NA
"1413","Sec61b",NA
"1414","Btf3l4",NA
"1415","Uba6",NA
"1416","Zbtb41",NA
"1417","Atpaf1",NA
"1418","Zfp62",NA
"1419","Togaram1",NA
"1420","Eya2",NA
"1421","Gm12918",NA
"1422","Vcpkmt",NA
"1423","Nrgn",NA
"1424","Icam2",NA
"1425","Wdr55",NA
"1426","Proser1",NA
"1427","Klhl3",NA
"1428","Nudt14",NA
"1429","Mettl18",NA
"1430","Pfkm",NA
"1431","Ywhag",NA
"1432","Reps1",NA
"1433","Golga4",NA
"1434","Ptcd2",NA
"1435","Mccc2",NA
"1436","Ak1",NA
"1437","Tspan6",NA
"1438","Jcad",NA
"1439","Dnal4",NA
"1440","Sfxn1",NA
"1441","Sdhc",NA
"1442","Arhgap18",NA
"1443","Rexo4",NA
"1444","Clint1",NA
"1445","Bbs5",NA
"1446","Las1l",NA
"1447","Rps9",NA
"1448","Gm10053",NA
"1449","Lrrc8b",NA
"1450","Gm37943",NA
"1451","Lrrc14",NA
"1452","Bivm",NA
"1453","Nav1",NA
"1454","Lratd2",NA
"1455","Polr2f",NA
"1456","Zfp281",NA
"1457","Snx19",NA
"1458","St6galnac4",NA
"1459","Samsn1",NA
"1460","Arl5b",NA
"1461","Ttll4",NA
"1462","Rpl37a",NA
"1463","Gm14636",NA
"1464","Pfdn1",NA
"1465","Tvp23b",NA
"1466","Tnfrsf13c",NA
"1467","Map9",NA
"1468","Rufy4",NA
"1469","Mtrr",NA
"1470","Kifap3",NA
"1471","Snu13",NA
"1472","Pus10",NA
"1473","Ifrd1",NA
"1474","Pcca",NA
"1475","Lig3",NA
"1476","Rps6",NA
"1477","1110059E24Rik",NA
"1478","Isy1",NA
"1479","Pf4",NA
"1480","Utp11",NA
"1481","Gpt2",NA
"1482","Tex10",NA
"1483","Tgfbr3",NA
"1484","Btk",NA
"1485","Eif5a",NA
"1486","Gm37745",NA
"1487","Sumo3",NA
"1488","Gm10269",NA
"1489","Gm9892",NA
"1490","Ccar2",NA
"1491","Utp18",NA
"1492","Inip",NA
"1493","Pcdhgb4",NA
"1494","Tspan3",NA
"1495","Nynrin",NA
"1496","Mir181a-1hg",NA
"1497","Rps25-ps1",NA
"1498","Zfp647",NA
"1499","Alkbh1",NA
"1500","Thrap3",NA
"1501","Oat",NA
"1502","Zadh2",NA
"1503","Camk2a",NA
"1504","Bcl7c",NA
"1505","Stx6",NA
"1506","Rhbdd2",NA
"1507","Mphosph8",NA
"1508","Peg12",NA
"1509","Ddx31",NA
"1510","Mrpl11",NA
"1511","Plcg1",NA
"1512","Ndufaf5",NA
"1513","Gm6170",NA
"1514","Nefh",NA
"1515","Dusp5",NA
"1516","Smarca2",NA
"1517","Gm3362",NA
"1518","Gtf3c6",NA
"1519","Dus4l",NA
"1520","Nphp1",NA
"1521","Luc7l",NA
"1522","Nop9",NA
"1523","Ppfibp1",NA
"1524","Ergic1",NA
"1525","Pwp2",NA
"1526","Exd2",NA
"1527","Zkscan17",NA
"1528","Gja1",NA
"1529","Simc1",NA
"1530","Csk",NA
"1531","Mtfr1l",NA
"1532","Crot",NA
"1533","Gm20900",NA
"1534","Dnajc21",NA
"1535","Eif4g1",NA
"1536","Ndufa12",NA
"1537","Srek1",NA
"1538","Gm12174",NA
"1539","Rnf150",NA
"1540","Sergef",NA
"1541","Hbegf",NA
"1542","Aqr",NA
"1543","Snx5",NA
"1544","Hmgb1-ps4",NA
"1545","Taf1b",NA
"1546","Cpa3",NA
"1547","Trmt112",NA
"1548","Pmpca",NA
"1549","Maff",NA
"1550","Pip4k2b",NA
"1551","Zfp3",NA
"1552","Gm15542",NA
"1553","Fra10ac1",NA
"1554","Lman1",NA
"1555","Utp4",NA
"1556","Cul1",NA
"1557","Ccng1",NA
"1558","Smim10l2a",NA
"1559","Agap2",NA
"1560","2900026A02Rik",NA
"1561","Isyna1",NA
"1562","Ak3",NA
"1563","Gm13135",NA
"1564","Exoc3l2",NA
"1565","Uchl5",NA
"1566","Seh1l",NA
"1567","Coa7",NA
"1568","Zmynd19",NA
"1569","Psd3",NA
"1570","Exo1",NA
"1571","Zfp60",NA
"1572","Ung",NA
"1573","Pphln1",NA
"1574","Sdha",NA
"1575","Ppp3r1",NA
"1576","Spin1",NA
"1577","Septin2",NA
"1578","Zbtb1",NA
"1579","Pfdn6",NA
"1580","Zfp965",NA
"1581","Pak1",NA
"1582","Zfp729b",NA
"1583","Api5",NA
"1584","Gm15657",NA
"1585","Zfp523",NA
"1586","Ptch1",NA
"1587","Jag2",NA
"1588","Zfp467",NA
"1589","Rpl35a",NA
"1590","Exosc8",NA
"1591","Ints7",NA
"1592","Rbbp6",NA
"1593","Ubash3a",NA
"1594","Prkch",NA
"1595","Mrps5",NA
"1596","Tars",NA
"1597","Gm13680",NA
"1598","Sf3b2",NA
"1599","Ola1",NA
"1600","Xpo5",NA
"1601","Cnot7",NA
"1602","Gm12184",NA
"1603","Zfp605",NA
"1604","Zfp251",NA
"1605","Nck2",NA
"1606","Btbd3",NA
"1607","Tmem11",NA
"1608","Rbx1",NA
"1609","Nedd8",NA
"1610","Txndc5",NA
"1611","Klhl6",NA
"1612","Dbr1",NA
"1613","Pgam1-ps2",NA
"1614","Lat2",NA
"1615","Gprasp2",NA
"1616","Cpq",NA
"1617","Rps24-ps3",NA
"1618","Sbno1",NA
"1619","Vav1",NA
"1620","Grk3",NA
"1621","Mrpl24",NA
"1622","Map4k1",NA
"1623","Sufu",NA
"1624","Ier3",NA
"1625","Stk26",NA
"1626","Slc12a7",NA
"1627","H2-Q4",NA
"1628","Gm4540",NA
"1629","Snrpa",NA
"1630","Adamts3",NA
"1631","Zfp955a",NA
"1632","Rab33b",NA
"1633","Tbc1d16",NA
"1634","Bloc1s2",NA
"1635","Rad54l2",NA
"1636","Bcl7a",NA
"1637","Aff4",NA
"1638","Zfp583",NA
"1639","Vit",NA
"1640","Rest",NA
"1641","Nckap5l",NA
"1642","Dmac2",NA
"1643","Akr1c12",NA
"1644","Tmbim1",NA
"1645","Bpnt1",NA
"1646","Tef",NA
"1647","Zdhhc21",NA
"1648","Ndufaf4",NA
"1649","Zfp622",NA
"1650","Cyb561d2",NA
"1651","Zfp383",NA
"1652","Gm29397",NA
"1653","Dhx35",NA
"1654","Sgsm1",NA
"1655","Ccnd1",NA
"1656","Ptp4a2",NA
"1657","Tmem229b",NA
"1658","Tbxa2r",NA
"1659","Nsun5",NA
"1660","Gm8806",NA
"1661","Jagn1",NA
"1662","Magt1",NA
"1663","Hdac7",NA
"1664","Lrrc41",NA
"1665","Nthl1",NA
"1666","Zfp27",NA
"1667","Stau2",NA
"1668","Tmem97",NA
"1669","Appl1",NA
"1670","B130034C11Rik",NA
"1671","Dctpp1",NA
"1672","Rars",NA
"1673","Rrad",NA
"1674","Bcor",NA
"1675","Wdr11",NA
"1676","Adarb1",NA
"1677","Hdx",NA
"1678","Ptbp1",NA
"1679","Casd1",NA
"1680","Pwwp2b",NA
"1681","Mars2",NA
"1682","Clock",NA
"1683","Pura",NA
"1684","Cand2",NA
"1685","Pcna-ps2",NA
"1686","Nt5c",NA
"1687","1700066M21Rik",NA
"1688","Pctp",NA
"1689","Gabpa",NA
"1690","Ifi203",NA
"1691","Eif2b1",NA
"1692","Sucla2",NA
"1693","Epha7",NA
"1694","Sgcb",NA
"1695","Prodh",NA
"1696","Gm8186",NA
"1697","Lipt1",NA
"1698","Slc35e4",NA
"1699","Mfng",NA
"1700","Hdac10",NA
"1701","Xylt2",NA
"1702","Cep131",NA
"1703","Pim3",NA
"1704","Prep",NA
"1705","Akap8",NA
"1706","Psmg1",NA
"1707","Mrpl2",NA
"1708","Hoxa7",NA
"1709","Mtrf1",NA
"1710","Top3b",NA
"1711","Hsd17b10",NA
"1712","Psmb4",NA
"1713","3300002I08Rik",NA
"1714","Nr1d2",NA
"1715","Swap70",NA
"1716","Atl3",NA
"1717","2610307P16Rik",NA
"1718","Gnpda2",NA
"1719","Chd4",NA
"1720","Pfdn4",NA
"1721","Psmb9",NA
"1722","Cry2",NA
"1723","Thbs2",NA
"1724","Akr1e1",NA
"1725","Gm10643",NA
"1726","Gm15163",NA
"1727","Als2cl",NA
"1728","Phtf2",NA
"1729","Rabep1",NA
"1730","Tagln2",NA
"1731","Mnat1",NA
"1732","Gm7536",NA
"1733","Mrpl9",NA
"1734","Slc29a2",NA
"1735","Fbxl17",NA
"1736","Sdsl",NA
"1737","Riox2",NA
"1738","Smad1",NA
"1739","Adck1",NA
"1740","Mrpl42",NA
"1741","Aopep",NA
"1742","Eif3l",NA
"1743","Kbtbd4",NA
"1744","Ndufaf2",NA
"1745","Rab17",NA
"1746","Map10",NA
"1747","Echdc1",NA
"1748","Copb1",NA
"1749","Gem",NA
"1750","Fam53a",NA
"1751","Atxn7",NA
"1752","Fbl-ps2",NA
"1753","Fbxl13",NA
"1754","Fam120c",NA
"1755","Exosc10",NA
"1756","Impdh2-ps",NA
"1757","Galt",NA
"1758","Tnfrsf13b",NA
"1759","Msto1",NA
"1760","Plekha8",NA
"1761","Clpb",NA
"1762","Mtf2",NA
"1763","Prps2",NA
"1764","Ciart",NA
"1765","Tpr",NA
"1766","Zfp398",NA
"1767","Klhdc3",NA
"1768","Txnrd3",NA
"1769","Plec",NA
"1770","Tsen2",NA
"1771","Zfp72",NA
"1772","Naa38",NA
"1773","Fam171a2",NA
"1774","Leo1",NA
"1775","Heatr3",NA
"1776","Fggy",NA
"1777","Bphl",NA
"1778","Ndufs2",NA
"1779","Gusb",NA
"1780","Acot7",NA
"1781","Ears2",NA
"1782","Prpf19",NA
"1783","Akr1b3",NA
"1784","Zkscan7",NA
"1785","Gcnt4",NA
"1786","Ddx27",NA
"1787","Gm37747",NA
"1788","Pcnx4",NA
"1789","Lonp1",NA
"1790","Pdrg1",NA
"1791","Washc3",NA
"1792","Mxd4",NA
"1793","BC043934",NA
"1794","Cobll1",NA
"1795","Atp1b2",NA
"1796","Polr1e",NA
"1797","Tuba8",NA
"1798","Tnfsf10",NA
"1799","Tomm40l",NA
"1800","Shld2",NA
"1801","Rbak",NA
"1802","2210418O10Rik",NA
"1803","Arhgap10",NA
"1804","Chka",NA
"1805","Rtca",NA
"1806","Acadm",NA
"1807","Carnmt1",NA
"1808","Prorp",NA
"1809","Zfp362",NA
"1810","Nup107",NA
"1811","Slfn8",NA
"1812","Gstm4",NA
"1813","Ubqln4",NA
"1814","Pigu",NA
"1815","Rps7-ps3",NA
"1816","Gm26510",NA
"1817","Fkbp9",NA
"1818","Col16a1",NA
"1819","Pde12",NA
"1820","Smim30",NA
"1821","Etfrf1",NA
"1822","Trmt1",NA
"1823","Zfp777",NA
"1824","D630045J12Rik",NA
"1825","Entpd4b",NA
"1826","Fem1b",NA
"1827","Phldb1",NA
"1828","Smg8",NA
"1829","Mycn",NA
"1830","Ppargc1b",NA
"1831","Coq6",NA
"1832","Polr3a",NA
"1833","Gm7331",NA
"1834","5730409E04Rik",NA
"1835","Ext2",NA
"1836","Mcf2",NA
"1837","Rpp40",NA
"1838","Rpl10",NA
"1839","Tspan13",NA
"1840","Map3k6",NA
"1841","Mfsd14a",NA
"1842","Cdc42se2",NA
"1843","Pik3ip1",NA
"1844","Ppp2r5e",NA
"1845","Zfp184",NA
"1846","Samm50",NA
"1847","Tspyl3",NA
"1848","Tmco1",NA
"1849","Vldlr",NA
"1850","Ift74",NA
"1851","B3glct",NA
"1852","Hdgfl3",NA
"1853","Coq8a",NA
"1854","Pde5a",NA
"1855","Csnk1g2",NA
"1856","Alg3",NA
"1857","Tmem237",NA
"1858","Hhat",NA
"1859","Mrpl16",NA
"1860","Jak3",NA
"1861","Chchd4",NA
"1862","Bahcc1",NA
"1863","Nlrp10",NA
"1864","Pklr",NA
"1865","Vwa8",NA
"1866","Slc25a46",NA
"1867","Rftn2",NA
"1868","Twsg1",NA
"1869","Malsu1",NA
"1870","Mlkl",NA
"1871","Obsl1",NA
"1872","Bag5",NA
"1873","Ugt1a6b",NA
"1874","Nsun4",NA
"1875","Bccip",NA
"1876","Dusp12",NA
"1877","Gm5124",NA
"1878","Trim32",NA
"1879","Purb",NA
"1880","Mrpl18",NA
"1881","Anxa4",NA
"1882","Gm16758",NA
"1883","Pbx2",NA
"1884","Pdpr",NA
"1885","Ro60",NA
"1886","Srp9",NA
"1887","Cox18",NA
"1888","Gabpb1",NA
"1889","Drap1",NA
"1890","AW554918",NA
"1891","Iars",NA
"1892","Setdb1",NA
"1893","Mgat4a",NA
"1894","Prrc1",NA
"1895","Slc25a1",NA
"1896","Pde4a",NA
"1897","Cdc23",NA
"1898","Pdcd2l",NA
"1899","Tspan14",NA
"1900","Tec",NA
"1901","Nkapd1",NA
"1902","Pcsk4",NA
"1903","Snrpb",NA
"1904","Hspa2",NA
"1905","Paqr5",NA
"1906","Sco2",NA
"1907","Ppdpf",NA
"1908","Gmpr2",NA
"1909","Dleu7",NA
"1910","Dcaf12l1",NA
"1911","Sec11a",NA
"1912","Clic5",NA
"1913","Xxylt1",NA
"1914","Cox16",NA
"1915","Gm6644",NA
"1916","Ikbkb",NA
"1917","Shisa8",NA
"1918","Csnk1e",NA
"1919","Mrps35",NA
"1920","B3gnt7",NA
"1921","Eif3i",NA
"1922","Ivd",NA
"1923","Gm11769",NA
"1924","Pold2",NA
"1925","Glis2",NA
"1926","Mphosph6",NA
"1927","Srfbp1",NA
"1928","Srprb",NA
"1929","Aifm1",NA
"1930","Gpr161",NA
"1931","Fyn",NA
"1932","4933427D14Rik",NA
"1933","Ier2",NA
"1934","Smchd1",NA
"1935","Slc35a4",NA
"1936","Rbm3-ps",NA
"1937","Per1",NA
"1938","Snx4",NA
"1939","Ripk3",NA
"1940","Dus1l",NA
"1941","Arfip1",NA
"1942","Mettl2",NA
"1943","Ccdc115",NA
"1944","Pdxdc1",NA
"1945","Dync2i2",NA
"1946","Lmnb2",NA
"1947","Phc2",NA
"1948","Fbxo21",NA
"1949","Tmem70",NA
"1950","Osbpl3",NA
"1951","Syce2",NA
"1952","Sf3b4",NA
"1953","Psip1",NA
"1954","Ddx50",NA
"1955","Aimp1",NA
"1956","Hsd17b4",NA
"1957","Psma5",NA
"1958","Ralgapa1",NA
"1959","Naa20",NA
"1960","Exosc1",NA
"1961","BC024978",NA
"1962","Actl6a",NA
"1963","2610035D17Rik",NA
"1964","Nae1",NA
"1965","Phpt1",NA
"1966","Cep112",NA
"1967","Rps15-ps2",NA
"1968","Tes",NA
"1969","Gm9844",NA
"1970","Trim33",NA
"1971","Arhgdia",NA
"1972","Rbpj",NA
"1973","Calm2",NA
"1974","Pyroxd1",NA
"1975","Cyyr1",NA
"1976","Gm5641",NA
"1977","Nol9",NA
"1978","Hs6st2",NA
"1979","Rars2",NA
"1980","Mex3d",NA
"1981","Lix1l",NA
"1982","Mapk8",NA
"1983","Lyar",NA
"1984","Epb41l4aos",NA
"1985","Ptpn7",NA
"1986","Dnajc18",NA
"1987","Pwp1",NA
"1988","Manba",NA
"1989","Mtrfr",NA
"1990","Rbm3",NA
"1991","Rragb",NA
"1992","Cxxc5",NA
"1993","Ric3",NA
"1994","Ppp2r3a",NA
"1995","Ddx19b",NA
"1996","Gmpr",NA
"1997","Nbdy",NA
"1998","Prkag2",NA
"1999","Gm9755",NA
"2000","Rufy1",NA
"2001","Usp5",NA
"2002","Lmcd1",NA
"2003","Klhdc1",NA
"2004","Sorbs3",NA
"2005","Pear1",NA
"2006","Gm2a",NA
"2007","Slc25a20",NA
"2008","Taf11",NA
"2009","Rfc5",NA
"2010","Lhpp",NA
"2011","Ebp",NA
"2012","Isg20l2",NA
"2013","Usp36",NA
"2014","Polr3d",NA
"2015","Mrpl19",NA
"2016","Hddc2",NA
"2017","Eif3m",NA
"2018","Slc45a3",NA
"2019","Arhgap15",NA
"2020","Rps16",NA
"2021","Smpd2",NA
"2022","Slc44a2",NA
"2023","Nit2",NA
"2024","Mrgpre",NA
"2025","5830444F18Rik",NA
"2026","Aars2",NA
"2027","Grwd1",NA
"2028","Thsd1",NA
"2029","Robo4",NA
"2030","Cenpx",NA
"2031","Oosp1",NA
"2032","Tmem39b",NA
"2033","Norad",NA
"2034","Gm4895",NA
"2035","Glyctk",NA
"2036","Sptan1",NA
"2037","Specc1l",NA
"2038","Gm15910",NA
"2039","Gm10288",NA
"2040","Gm37298",NA
"2041","Slc35e3",NA
"2042","Trappc4",NA
"2043","Akr7a5",NA
"2044","3110080O07Rik",NA
"2045","Itm2a",NA
"2046","Zfp606",NA
"2047","Fkbp11",NA
"2048","Sf3b5",NA
"2049","Tarbp1",NA
"2050","Cgas",NA
"2051","Hint1",NA
"2052","Nnt",NA
"2053","Nme2",NA
"2054","Fut7",NA
"2055","Tcaf1",NA
"2056","Hspbp1",NA
"2057","A130010J15Rik",NA
"2058","Trappc13",NA
"2059","Yy2",NA
"2060","Thumpd2",NA
"2061","Ndufs8",NA
"2062","Whrn",NA
"2063","Etv3",NA
"2064","Cbx3-ps6",NA
"2065","Erh",NA
"2066","Limk1",NA
"2067","Tasl",NA
"2068","Pbk",NA
"2069","Shprh",NA
"2070","Glod4",NA
"2071","Faim",NA
"2072","Rabep2",NA
"2073","Srl",NA
"2074","Dlat",NA
"2075","Krba1",NA
"2076","4933404O12Rik",NA
"2077","Zswim7",NA
"2078","Pomgnt1",NA
"2079","Coro1c",NA
"2080","Serpini1",NA
"2081","Ppp6r1",NA
"2082","Gm10146",NA
"2083","Ube2g1",NA
"2084","Gtpbp8",NA
"2085","Smarcd2",NA
"2086","Pisd-ps2",NA
"2087","Spns3",NA
"2088","Rps2-ps10",NA
"2089","Paf1",NA
"2090","Rexo2",NA
"2091","Gm15859",NA
"2092","Gpx4",NA
"2093","Dnah8",NA
"2094","Usp48",NA
"2095","Ly86",NA
"2096","Grpel2",NA
"2097","Chsy1",NA
"2098","Opa1",NA
"2099","Ipo11",NA
"2100","Arl1",NA
"2101","S100a10",NA
"2102","Foxp1",NA
"2103","Smu1",NA
"2104","Ccl4",NA
"2105","Hnrnpa0",NA
"2106","Ap3s2",NA
"2107","D130019J16Rik",NA
"2108","Zscan12",NA
"2109","Pcdhb16",NA
"2110","Pgk1",NA
"2111","Tex30",NA
"2112","Zfp518a",NA
"2113","Pgls",NA
"2114","Slc25a30",NA
"2115","Trp53i13",NA
"2116","Usp28",NA
"2117","Tipin",NA
"2118","Wdr73",NA
"2119","Pdcd2",NA
"2120","Chml",NA
"2121","Cul5",NA
"2122","Cfap20",NA
"2123","Bcs1l",NA
"2124","Cacnb2",NA
"2125","Aldh7a1",NA
"2126","Tspan4",NA
"2127","Cdv3",NA
"2128","Gfm1",NA
"2129","Brix1",NA
"2130","Tet2",NA
"2131","Iftap",NA
"2132","Sord",NA
"2133","Haus2",NA
"2134","Lancl1",NA
"2135","Nxpe5",NA
"2136","Polr2k",NA
"2137","Gm38218",NA
"2138","Pcdhgb6",NA
"2139","Mterf2",NA
"2140","Zfp319",NA
"2141","Plekha3",NA
"2142","Cpped1",NA
"2143","Rft1",NA
"2144","Gm11824",NA
"2145","Sec24b",NA
"2146","Gm5805",NA
"2147","Jpt2",NA
"2148","Pgm3",NA
"2149","Psma7",NA
"2150","Mtfmt",NA
"2151","Nwd1",NA
"2152","Myo5c",NA
"2153","Tbc1d4",NA
"2154","4930524O07Rik",NA
"2155","Gvin-ps5",NA
"2156","Egln3",NA
"2157","Tmem106c",NA
"2158","Hprt",NA
"2159","Gramd1a",NA
"2160","Auts2",NA
"2161","Timm50",NA
"2162","Rnps1-ps",NA
"2163","Tgif2",NA
"2164","Adamts10",NA
"2165","Def6",NA
"2166","Fastkd2",NA
"2167","Zfp7",NA
"2168","Gpatch1",NA
"2169","Srebf1",NA
"2170","Yae1d1",NA
"2171","Nol6",NA
"2172","Mlh3",NA
"2173","Gm38200",NA
"2174","Crtap",NA
"2175","Aldh16a1",NA
"2176","Exog",NA
"2177","Siae",NA
"2178","Pex7",NA
"2179","Pcdh7",NA
"2180","H4c12",NA
"2181","Dph6",NA
"2182","Hars2",NA
"2183","Patl1",NA
"2184","Psma4",NA
"2185","Zfp330",NA
"2186","Ric1",NA
"2187","Tubgcp2",NA
"2188","Acad9",NA
"2189","Foxred2",NA
"2190","Esr1",NA
"2191","Pus1",NA
"2192","Dcaf17",NA
"2193","Dynlrb1",NA
"2194","Noa1",NA
"2195","Puf60",NA
"2196","Smim26",NA
"2197","Rpl17-ps5",NA
"2198","Scube3",NA
"2199","Gm37570",NA
"2200","Cpsf3",NA
"2201","Mlxip",NA
"2202","Gm37447",NA
"2203","Atp5c1",NA
"2204","Prkd3",NA
"2205","Isoc1",NA
"2206","Smad4",NA
"2207","Nmt2",NA
"2208","Asah2",NA
"2209","Rhbdl3",NA
"2210","Rpl39-ps",NA
"2211","Amacr",NA
"2212","Atp13a3",NA
"2213","Tmem176a",NA
"2214","Tmco4",NA
"2215","Gm37651",NA
"2216","Vav3",NA
"2217","Orc2",NA
"2218","Atg9b",NA
"2219","Cfap410",NA
"2220","Thnsl1",NA
"2221","Stard7",NA
"2222","Bclaf1",NA
"2223","Bbs12",NA
"2224","Desi2",NA
"2225","Gm5525",NA
"2226","Mmd",NA
"2227","Vps39",NA
"2228","Hps5",NA
"2229","Nlrc4",NA
"2230","Ccdc116",NA
"2231","Gmcl1",NA
"2232","Gm5616",NA
"2233","Cops4",NA
"2234","Birc6",NA
"2235","Gm5620",NA
"2236","Nle1",NA
"2237","Ncbp1",NA
"2238","Pign",NA
"2239","Mrps10",NA
"2240","Akap1",NA
"2241","Mospd3",NA
"2242","Ddt",NA
"2243","Fh1",NA
"2244","Gm9816",NA
"2245","Pold1",NA
"2246","L2hgdh",NA
"2247","Rnf125",NA
"2248","Zc3h14",NA
"2249","Pacc1",NA
"2250","Elf1",NA
"2251","Impa2",NA
"2252","Polr3f",NA
"2253","Xpot",NA
"2254","Il12rb2",NA
"2255","Zfp976",NA
"2256","Gm5499",NA
"2257","Utp15",NA
"2258","Hnrnpu",NA
"2259","Aamp",NA
"2260","Hps4",NA
"2261","Llph",NA
"2262","Zfp598",NA
"2263","Iars2",NA
"2264","Entpd4",NA
"2265","Zfp991",NA
"2266","Ccser2",NA
"2267","Gm2237",NA
"2268","Arhgap5",NA
"2269","Efna4",NA
"2270","Cdkn1a",NA
"2271","Bnip1",NA
"2272","Zc4h2",NA
"2273","Rbfox2",NA
"2274","Dock8",NA
"2275","Armcx6",NA
"2276","Decr1",NA
"2277","Zfand1",NA
"2278","Kank2",NA
"2279","Tomm7",NA
"2280","Cpt1a",NA
"2281","Tmem201",NA
"2282","Ahsa2",NA
"2283","Trappc12",NA
"2284","Mbnl3",NA
"2285","Hyi",NA
"2286","Pdzd4",NA
"2287","Myo5a",NA
"2288","A930005H10Rik",NA
"2289","Noc4l",NA
"2290","Pibf1",NA
"2291","Trp53i11",NA
"2292","N4bp2",NA
"2293","Nudcd1",NA
"2294","Nlk",NA
"2295","F8a",NA
"2296","Agbl5",NA
"2297","Nudcd3",NA
"2298","Nsrp1",NA
"2299","Spryd7",NA
"2300","Nek6",NA
"2301","Cetn2",NA
"2302","Jtb",NA
"2303","Tomm6",NA
"2304","Mmp14",NA
"2305","Rrp7a",NA
"2306","Zfp74",NA
"2307","Sil1",NA
"2308","Ift172",NA
"2309","Dhcr7",NA
"2310","Zfp507",NA
"2311","Myo15b",NA
"2312","L3mbtl2",NA
"2313","2610002M06Rik",NA
"2314","Aen",NA
"2315","Slc35a1",NA
"2316","Wdr41",NA
"2317","Atp8b2",NA
"2318","Fubp3",NA
"2319","Snn",NA
"2320","Ikbip",NA
"2321","Gm28035",NA
"2322","Anks1",NA
"2323","Platr25",NA
"2324","Morc2a",NA
"2325","Mcur1",NA
"2326","Chn2",NA
"2327","Npl",NA
"2328","Acy1",NA
"2329","Zbtb25",NA
"2330","Brd7",NA
"2331","Abl1",NA
"2332","Mllt1",NA
"2333","Nlgn2",NA
"2334","Emilin1",NA
"2335","Prkdc",NA
"2336","Idi1",NA
"2337","Calu",NA
"2338","Tubgcp5",NA
"2339","Fam98a",NA
"2340","Ubox5",NA
"2341","Tbl2",NA
"2342","Zmym6",NA
"2343","Gtf2h1",NA
"2344","Nt5c3b",NA
"2345","Itpa",NA
"2346","Fktn",NA
"2347","Mre11a",NA
"2348","Zbtb11os1",NA
"2349","Ebag9",NA
"2350","Synj2bp",NA
"2351","Slc4a8",NA
"2352","Pkib",NA
"2353","D930036K23Rik",NA
"2354","Zfp738",NA
"2355","Cxcl2",NA
"2356","Sfi1",NA
"2357","Blzf1",NA
"2358","Ankrd52",NA
"2359","Erich1",NA
"2360","Pggt1b",NA
"2361","Srp68",NA
"2362","Heatr5a",NA
"2363","Sema4d",NA
"2364","Bcl2l12",NA
"2365","Smim13",NA
"2366","Kat2a",NA
"2367","Ccdc14",NA
"2368","BC055324",NA
"2369","Mrpl34",NA
"2370","Bod1",NA
"2371","Cnn3",NA
"2372","Nob1",NA
"2373","Tesmin",NA
"2374","Tle2",NA
"2375","Cstf1",NA
"2376","Ccdc22",NA
"2377","C130023A14Rik",NA
"2378","Cers5",NA
"2379","Rabac1",NA
"2380","Hmgcs1",NA
"2381","Spry1",NA
"2382","Septin9",NA
"2383","Sod1",NA
"2384","Galnt12",NA
"2385","Gm38062",NA
"2386","Tm9sf4",NA
"2387","Tra2b",NA
"2388","Casp3",NA
"2389","Snx33",NA
"2390","Notch2",NA
"2391","Srd5a1",NA
"2392","Ptp4a1",NA
"2393","Eif2b3",NA
"2394","9930014A18Rik",NA
"2395","Pcbp4",NA
"2396","Clasp1",NA
"2397","Scfd2",NA
"2398","Soga1",NA
"2399","Ddx55",NA
"2400","Surf2",NA
"2401","Prpf40a",NA
"2402","Zfp937",NA
"2403","Zfp846",NA
"2404","Clstn1",NA
"2405","Vkorc1",NA
"2406","Zfp618",NA
"2407","Selenoi",NA
"2408","Gm19427",NA
"2409","Lrp5",NA
"2410","Tmtc4",NA
"2411","Gtf2e1",NA
"2412","Gm12346",NA
"2413","Treml1",NA
"2414","Ift52",NA
"2415","Zfp160",NA
"2416","Gm36940",NA
"2417","Ccdc50",NA
